bulan,aturan,lulus,gagal,persen_gagal
2023-01,kelengkapan: passenger_count ada,2995023,71743,2.3393698769322473
2023-01,validitas: jarak 0.01-100 mil,3020816,45950,1.4983210326448122
2023-01,konsistensi: durasi 1-180 menit,3030383,36383,1.186363746043878
2023-01,validitas: total_amount > 0,3040994,25772,0.840364083859023
2023-01,konsistensi: total >= fare,3041743,25023,0.8159409619123207
2023-01,validitas: tip_amount >= 0,3066541,225,0.007336718875845108
2023-01,ketepatan waktu: dalam bulan,3066718,48,0.001565166693513623
2023-01,keunikan: kunci perjalanan unik,3066765,1,3.260763944820048e-05
2023-01,validitas: PULocationID dikenal,3066766,0,0.0
2023-01,validitas: DOLocationID dikenal,3066766,0,0.0
