aturan,januari_persen_gagal,juli_persen_gagal,selisih_poin_persen,perlu_diselidiki
kelengkapan: passenger_count ada,2.3393698769322477,2.926826247941253,0.5874563710090053,True
konsistensi: total >= fare,0.8159409619123207,1.0534524345156768,0.23751147260335614,False
validitas: total_amount > 0,0.840364083859023,1.0746074793230935,0.23424339546407058,False
validitas: jarak 0.01-100 mil,1.4983210326448122,1.7174800523406766,0.21915901969586438,False
konsistensi: durasi 1-180 menit,1.186363746043878,1.3107528168888118,0.12438907084493378,False
validitas: tip_amount >= 0,0.0073367188758451,0.0042310089614833,-0.0031057099143618006,False
ketepatan waktu: dalam bulan,0.0015651666935136,0.0020295083636383,0.00046434167012470015,False
keunikan: kunci perjalanan unik,3.260763944820048e-05,0.0,-3.260763944820048e-05,False
validitas: DOLocationID dikenal,0.0,0.0,0.0,False
validitas: PULocationID dikenal,0.0,0.0,0.0,False
